Name,Value,Race,Gender,Index,Winner,Role,Film
Frank Borzage Dramatic Picture,1927,White,Male,1,Winner,Frank Borzage,7th Heaven
Herbert Brenon Dramatic Picture,1927,White,Male,2,Non-Winner,Herbert Brenon,Sorrell and Son
King Vidor Dramatic Picture,1927,White,Male,3,Non-Winner,King Vidor,The Crowd
Lewis Milestone Comedy Picture,1927,White,Male,4,Winner,Lewis Milestone,Two Arabian Knights
Ted Wilde Comedy Picture,1927,White,Male,5,Non-Winner,Ted Wilde,Speedy
Frank Lloyd,1928,White,Male,1,Winner,Frank Lloyd,The Divine Lady
Lionel Barrymore,1928,White,Male,2,Non-Winner,Lionel Barrymore,Madame X
Harry Beaumont,1928,White,Male,3,Non-Winner,Harry Beaumont,The Broadway Melody
Irving Cummings,1928,White,Male,4,Non-Winner,Irving Cummings,In Old Arizona
Frank Lloyd,1928,White,Male,5,Non-Winner,Frank Lloyd,Drag
,1928,White,Male,6,Non-Winner,,Weary River
Ernst Lubitsch,1928,White,Male,7,Non-Winner,Ernst Lubitsch,The Patriot
Lewis Milestone,1929,White,Male,1,Winner,Lewis Milestone,All Quiet on the Western Front
Clarence Brown,1929,White,Male,2,Non-Winner,Clarence Brown,Anna Christie
,1929,White,Male,3,Non-Winner,,Romance
Robert Z Leonard,1929,White,Male,4,Non-Winner,Robert Z Leonard,The Divorcee
Ernst Lubitsch,1929,White,Male,5,Non-Winner,Ernst Lubitsch,The Love Parade
King Vidor,1929,White,Male,6,Non-Winner,King Vidor,Hallelujah
Norman Taurog,1930,White,Male,1,Winner,Norman Taurog,Skippy
Clarence Brown,1930,White,Male,2,Non-Winner,Clarence Brown,A Free Soul
Lewis Milestone,1930,White,Male,3,Non-Winner,Lewis Milestone,The Front Page
Wesley Ruggles,1930,White,Male,4,Non-Winner,Wesley Ruggles,Cimarron
Josef von Sternberg,1930,White,Male,5,Non-Winner,Josef von Sternberg,Morocco
Frank Borzage,1931,White,Male,1,Winner,Frank Borzage,Bad Girl
King Vidor,1931,White,Male,2,Non-Winner,King Vidor,The Champ
Josef von Sternberg,1931,White,Male,3,Non-Winner,Josef von Sternberg,Shanghai Express
Frank Lloyd,1932,White,Male,1,Winner,Frank Lloyd,Cavalcade
Frank Capra,1932,White,Male,2,Non-Winner,Frank Capra,Lady for a Day
George Cukor,1932,White,Male,3,Non-Winner,George Cukor,Little Women
Frank Capra,1934,White,Male,1,Winner,Frank Capra,It Happened One Night
Victor Schertzinger,1934,White,Male,2,Non-Winner,Victor Schertzinger,One Night of Love
W S Van Dyke,1934,White,Male,3,Non-Winner,W S Van Dyke,The Thin Man
John Ford,1935,White,Male,1,Winner,John Ford,The Informer
Henry Hathaway,1935,White,Male,2,Non-Winner,Henry Hathaway,The Lives of a Bengal Lancer
Frank Lloyd,1935,White,Male,3,Non-Winner,Frank Lloyd,Mutiny on the Bounty
Frank Capra,1936,White,Male,1,Winner,Frank Capra,Mr Deeds Goes to Town
Gregory La Cava,1936,White,Male,2,Non-Winner,Gregory La Cava,My Man Godfrey
Robert Z Leonard,1936,White,Male,3,Non-Winner,Robert Z Leonard,The Great Ziegfeld
W S Van Dyke,1936,White,Male,4,Non-Winner,W S Van Dyke,San Francisco
William Wyler,1936,White,Male,5,Non-Winner,William Wyler,Dodsworth
Leo McCarey,1937,White,Male,1,Winner,Leo McCarey,The Awful Truth
William Dieterle,1937,White,Male,2,Non-Winner,William Dieterle,The Life of Emile Zola
Sidney Franklin,1937,White,Male,3,Non-Winner,Sidney Franklin,The Good Earth
Gregory La Cava,1937,White,Male,4,Non-Winner,Gregory La Cava,Stage Door
William A Wellman,1937,White,Male,5,Non-Winner,William A Wellman,A Star Is Born
Frank Capra,1938,White,Male,1,Winner,Frank Capra,You Cant Take It with You
Michael Curtiz,1938,White,Male,2,Non-Winner,Michael Curtiz,Angels with Dirty Faces
,1938,White,Male,3,Non-Winner,,Four Daughters
Norman Taurog,1938,White,Male,4,Non-Winner,Norman Taurog,Boys Town
King Vidor,1938,White,Male,5,Non-Winner,King Vidor,The Citadel
Victor Fleming,1939,White,Male,1,Winner,Victor Fleming,Gone with the Wind
Frank Capra,1939,White,Male,2,Non-Winner,Frank Capra,Mr Smith Goes to Washington
John Ford,1939,White,Male,3,Non-Winner,John Ford,Stagecoach
Sam Wood,1939,White,Male,4,Non-Winner,Sam Wood,Goodbye Mr Chips
William Wyler,1939,White,Male,5,Non-Winner,William Wyler,Wuthering Heights
John Ford,1940,White,Male,1,Winner,John Ford,The Grapes of Wrath
George Cukor,1940,White,Male,2,Non-Winner,George Cukor,The Philadelphia Story
Alfred Hitchcock,1940,White,Male,3,Non-Winner,Alfred Hitchcock,Rebecca
Sam Wood,1940,White,Male,4,Non-Winner,Sam Wood,Kitty Foyle
William Wyler,1940,White,Male,5,Non-Winner,William Wyler,The Letter
John Ford,1941,White,Male,1,Winner,John Ford,How Green Was My Valley
Alexander Hall,1941,White,Male,2,Non-Winner,Alexander Hall,Here Comes Mr Jordan
Howard Hawks,1941,White,Male,3,Non-Winner,Howard Hawks,Sergeant York
Orson Welles,1941,White,Male,4,Non-Winner,Orson Welles,Citizen Kane
William Wyler,1941,White,Male,5,Non-Winner,William Wyler,The Little Foxes
William Wyler,1942,White,Male,1,Winner,William Wyler,Mrs Miniver
Michael Curtiz,1942,White,Male,2,Non-Winner,Michael Curtiz,Yankee Doodle Dandy
John Farrow,1942,White,Male,3,Non-Winner,John Farrow,Wake Island
Mervyn LeRoy,1942,White,Male,4,Non-Winner,Mervyn LeRoy,Random Harvest
Sam Wood,1942,White,Male,5,Non-Winner,Sam Wood,Kings Row
Michael Curtiz,1943,White,Male,1,Winner,Michael Curtiz,Casablanca
Clarence Brown,1943,White,Male,2,Non-Winner,Clarence Brown,The Human Comedy
Henry King,1943,White,Male,3,Non-Winner,Henry King,The Song of Bernadette
Ernst Lubitsch,1943,White,Male,4,Non-Winner,Ernst Lubitsch,Heaven Can Wait
George Stevens,1943,White,Male,5,Non-Winner,George Stevens,The More the Merrier
Leo McCarey,1944,White,Male,1,Winner,Leo McCarey,Going My Way
Alfred Hitchcock,1944,White,Male,2,Non-Winner,Alfred Hitchcock,Lifeboat
Henry King,1944,White,Male,3,Non-Winner,Henry King,Wilson
Otto Preminger,1944,White,Male,4,Non-Winner,Otto Preminger,Laura
Billy Wilder,1944,White,Male,5,Non-Winner,Billy Wilder,Double Indemnity
Billy Wilder,1945,White,Male,1,Winner,Billy Wilder,The Lost Weekend
Clarence Brown,1945,White,Male,2,Non-Winner,Clarence Brown,National Velvet
Alfred Hitchcock,1945,White,Male,3,Non-Winner,Alfred Hitchcock,Spellbound
Leo McCarey,1945,White,Male,4,Non-Winner,Leo McCarey,The Bells of St Marys
Jean Renoir,1945,White,Male,5,Non-Winner,Jean Renoir,The Southerner
William Wyler,1946,White,Male,1,Winner,William Wyler,The Best Years of Our Lives
Clarence Brown,1946,White,Male,2,Non-Winner,Clarence Brown,The Yearling
Frank Capra,1946,White,Male,3,Non-Winner,Frank Capra,Its a Wonderful Life
David Lean,1946,White,Male,4,Non-Winner,David Lean,Brief Encounter
Robert Siodmak,1946,White,Male,5,Non-Winner,Robert Siodmak,The Killers
Elia Kazan,1947,White,Male,1,Winner,Elia Kazan,Gentlemans Agreement
George Cukor,1947,White,Male,2,Non-Winner,George Cukor,A Double Life
Edward Dmytryk,1947,White,Male,3,Non-Winner,Edward Dmytryk,Crossfire
Henry Koster,1947,White,Male,4,Non-Winner,Henry Koster,The Bishops Wife
David Lean,1947,White,Male,5,Non-Winner,David Lean,Great Expectations
John Huston,1948,White,Male,1,Winner,John Huston,The Treasure of the Sierra Madre
Anatole Litvak,1948,White,Male,2,Non-Winner,Anatole Litvak,The Snake Pit
Jean Negulesco,1948,White,Male,3,Non-Winner,Jean Negulesco,Johnny Belinda
Laurence Olivier,1948,White,Male,4,Non-Winner,Laurence Olivier,Hamlet
Fred Zinnemann,1948,White,Male,5,Non-Winner,Fred Zinnemann,The Search
Joseph L Mankiewicz,1949,White,Male,1,Winner,Joseph L Mankiewicz,A Letter to Three Wives
Carol Reed,1949,White,Male,2,Non-Winner,Carol Reed,The Fallen Idol
Robert Rossen,1949,White,Male,3,Non-Winner,Robert Rossen,All the Kings Men
William A Wellman,1949,White,Male,4,Non-Winner,William A Wellman,Battleground
William Wyler,1949,White,Male,5,Non-Winner,William Wyler,The Heiress
Joseph L Mankiewicz,1950,White,Male,1,Winner,Joseph L Mankiewicz,All About Eve
George Cukor,1950,White,Male,2,Non-Winner,George Cukor,Born Yesterday
John Huston,1950,White,Male,3,Non-Winner,John Huston,The Asphalt Jungle
Carol Reed,1950,White,Male,4,Non-Winner,Carol Reed,The Third Man
Billy Wilder,1950,White,Male,5,Non-Winner,Billy Wilder,Sunset Boulevard
George Stevens,1951,White,Male,1,Winner,George Stevens,A Place in the Sun
John Huston,1951,White,Male,2,Non-Winner,John Huston,The African Queen
Elia Kazan,1951,White,Male,3,Non-Winner,Elia Kazan,A Streetcar Named Desire
Vincente Minnelli,1951,White,Male,4,Non-Winner,Vincente Minnelli,An American in Paris
William Wyler,1951,White,Male,5,Non-Winner,William Wyler,Detective Story
John Ford,1952,White,Male,1,Winner,John Ford,The Quiet Man
Cecil B DeMille,1952,White,Male,2,Non-Winner,Cecil B DeMille,The Greatest Show on Earth
John Huston,1952,White,Male,3,Non-Winner,John Huston,Moulin Rouge
Joseph L Mankiewicz,1952,White,Male,4,Non-Winner,Joseph L Mankiewicz,Fingers
Fred Zinnemann,1952,White,Male,5,Non-Winner,Fred Zinnemann,High Noon
Fred Zinnemann,1953,White,Male,1,Winner,Fred Zinnemann,From Here to Eternity
George Stevens,1953,White,Male,2,Non-Winner,George Stevens,Shane
Charles Walters,1953,White,Male,3,Non-Winner,Charles Walters,Lili
Billy Wilder,1953,White,Male,4,Non-Winner,Billy Wilder,Stalag
William Wyler,1953,White,Male,5,Non-Winner,William Wyler,Roman Holiday
Elia Kazan,1954,White,Male,1,Winner,Elia Kazan,On the Waterfront
Alfred Hitchcock,1954,White,Male,2,Non-Winner,Alfred Hitchcock,Rear Window
George Seaton,1954,White,Male,3,Non-Winner,George Seaton,The Country Girl
William A Wellman,1954,White,Male,4,Non-Winner,William A Wellman,The High and the Mighty
Billy Wilder,1954,White,Male,5,Non-Winner,Billy Wilder,Sabrina
Delbert Mann,1955,White,Male,1,Winner,Delbert Mann,Marty
Elia Kazan,1955,White,Male,2,Non-Winner,Elia Kazan,East of Eden
David Lean,1955,White,Male,3,Non-Winner,David Lean,Summertime
Joshua Logan,1955,White,Male,4,Non-Winner,Joshua Logan,Picnic
John Sturges,1955,White,Male,5,Non-Winner,John Sturges,Bad Day at Black Rock
George Stevens,1956,White,Male,1,Winner,George Stevens,Giant
Michael Anderson,1956,White,Male,2,Non-Winner,Michael Anderson,Around the World in Days
Walter Lang,1956,White,Male,3,Non-Winner,Walter Lang,The King and I
King Vidor,1956,White,Male,4,Non-Winner,King Vidor,War and Peace
William Wyler,1956,White,Male,5,Non-Winner,William Wyler,Friendly Persuasion
David Lean,1957,White,Male,1,Winner,David Lean,The Bridge on the River Kwai
Joshua Logan,1957,White,Male,2,Non-Winner,Joshua Logan,Sayonara
Sidney Lumet,1957,White,Male,3,Non-Winner,Sidney Lumet,Angry Men
Mark Robson,1957,White,Male,4,Non-Winner,Mark Robson,Peyton Place
Billy Wilder,1957,White,Male,5,Non-Winner,Billy Wilder,Witness for the Prosecution
Vincente Minnelli,1958,White,Male,1,Winner,Vincente Minnelli,Gigi
Richard Brooks,1958,White,Male,2,Non-Winner,Richard Brooks,Cat on a Hot Tin Roof
Stanley Kramer,1958,White,Male,3,Non-Winner,Stanley Kramer,The Defiant Ones
Mark Robson,1958,White,Male,4,Non-Winner,Mark Robson,The Inn of the Sixth Happiness
Robert Wise,1958,White,Male,5,Non-Winner,Robert Wise,I Want to Live
William Wyler,1959,White,Male,1,Winner,William Wyler,BenHur
Jack Clayton,1959,White,Male,2,Non-Winner,Jack Clayton,Room at the Top
George Stevens,1959,White,Male,3,Non-Winner,George Stevens,The Diary of Anne Frank
Billy Wilder,1959,White,Male,4,Non-Winner,Billy Wilder,Some Like It Hot
Fred Zinnemann,1959,White,Male,5,Non-Winner,Fred Zinnemann,The Nuns Story
Billy Wilder,1960,White,Male,1,Winner,Billy Wilder,The Apartment
Jack Cardiff,1960,White,Male,2,Non-Winner,Jack Cardiff,Sons and Lovers
Jules Dassin,1960,White,Male,3,Non-Winner,Jules Dassin,Never on Sunday
Alfred Hitchcock,1960,White,Male,4,Non-Winner,Alfred Hitchcock,Psycho
Fred Zinnemann,1960,White,Male,5,Non-Winner,Fred Zinnemann,The Sundowners
Robert Wise Jerome Robbins,1961,White,Male,1,Winner,Robert Wise Jerome Robbins,West Side Story
Federico Fellini,1961,White,Male,2,Non-Winner,Federico Fellini,La Dolce Vita
Stanley Kramer,1961,White,Male,3,Non-Winner,Stanley Kramer,Judgment at Nuremberg
Robert Rossen,1961,White,Male,4,Non-Winner,Robert Rossen,The Hustler
J Lee Thompson,1961,White,Male,5,Non-Winner,J Lee Thompson,The Guns of Navarone
David Lean,1962,White,Male,1,Winner,David Lean,Lawrence of Arabia
Pietro Germi,1962,White,Male,2,Non-Winner,Pietro Germi,Divorce Italian Style
Robert Mulligan,1962,White,Male,3,Non-Winner,Robert Mulligan,To Kill a Mockingbird
Arthur Penn,1962,White,Male,4,Non-Winner,Arthur Penn,The Miracle Worker
Frank Perry,1962,White,Male,5,Non-Winner,Frank Perry,David and Lisa
Tony Richardson,1963,White,Male,1,Winner,Tony Richardson,Tom Jones
Federico Fellini,1963,White,Male,2,Non-Winner,Federico Fellini,
Elia Kazan,1963,White,Male,3,Non-Winner,Elia Kazan,America America
Otto Preminger,1963,White,Male,4,Non-Winner,Otto Preminger,The Cardinal
Martin Ritt,1963,White,Male,5,Non-Winner,Martin Ritt,Hud
George Cukor,1964,White,Male,1,Winner,George Cukor,My Fair Lady
Michael Cacoyannis,1964,White,Male,2,Non-Winner,Michael Cacoyannis,Zorba the Greek
Peter Glenville,1964,White,Male,3,Non-Winner,Peter Glenville,Becket
Stanley Kubrick,1964,White,Male,4,Non-Winner,Stanley Kubrick,Dr Strangelove
Robert Stevenson,1964,White,Male,5,Non-Winner,Robert Stevenson,Mary Poppins
Hiroshi Teshigahara,1965,Non-White,Male,1,Non-Winner,Hiroshi Teshigahara,Woman in the Dunes
Robert Wise,1965,White,Male,1,Winner,Robert Wise,The Sound of Music
David Lean,1965,White,Male,2,Non-Winner,David Lean,Doctor Zhivago
John Schlesinger,1965,White,Male,3,Non-Winner,John Schlesinger,Darling
William Wyler,1965,White,Male,4,Non-Winner,William Wyler,The Collector
Fred Zinnemann,1966,White,Male,1,Winner,Fred Zinnemann,A Man for All Seasons
Michelangelo Antonioni,1966,White,Male,2,Non-Winner,Michelangelo Antonioni,Blowup
Richard Brooks,1966,White,Male,3,Non-Winner,Richard Brooks,The Professionals
Claude Lelouch,1966,White,Male,4,Non-Winner,Claude Lelouch,A Man and a Woman
Mike Nichols,1966,White,Male,5,Non-Winner,Mike Nichols,Whos Afraid of Virginia Woolf
Mike Nichols,1967,White,Male,1,Winner,Mike Nichols,The Graduate
Richard Brooks,1967,White,Male,2,Non-Winner,Richard Brooks,In Cold Blood
Norman Jewison,1967,White,Male,3,Non-Winner,Norman Jewison,In the Heat of the Night
Stanley Kramer,1967,White,Male,4,Non-Winner,Stanley Kramer,Guess Whos Coming to Dinner
Arthur Penn,1967,White,Male,5,Non-Winner,Arthur Penn,Bonnie and Clyde
Carol Reed,1968,White,Male,1,Winner,Carol Reed,Oliver
Anthony Harvey,1968,White,Male,2,Non-Winner,Anthony Harvey,The Lion in Winter
Stanley Kubrick,1968,White,Male,3,Non-Winner,Stanley Kubrick,A Space Odyssey
Gillo Pontecorvo,1968,White,Male,4,Non-Winner,Gillo Pontecorvo,The Battle of Algiers
Franco Zeffirelli,1968,White,Male,5,Non-Winner,Franco Zeffirelli,Romeo and Juliet
John Schlesinger,1969,White,Male,1,Winner,John Schlesinger,Midnight Cowboy
CostaGavras,1969,White,Male,2,Non-Winner,CostaGavras,Z
George Roy Hill,1969,White,Male,3,Non-Winner,George Roy Hill,Butch Cassidy and the Sundance Kid
Arthur Penn,1969,White,Male,4,Non-Winner,Arthur Penn,Alices Restaurant
Sydney Pollack,1969,White,Male,5,Non-Winner,Sydney Pollack,They Shoot Horses Dont They
Franklin J Schaffner,1970,White,Male,1,Winner,Franklin J Schaffner,Patton
Robert Altman,1970,White,Male,2,Non-Winner,Robert Altman,MASH
Federico Fellini,1970,White,Male,3,Non-Winner,Federico Fellini,Fellini Satyricon
Arthur Hiller,1970,White,Male,4,Non-Winner,Arthur Hiller,Love Story
Ken Russell,1970,White,Male,5,Non-Winner,Ken Russell,Women in Love
William Friedkin,1971,White,Male,1,Winner,William Friedkin,The French Connection
Peter Bogdanovich,1971,White,Male,2,Non-Winner,Peter Bogdanovich,The Last Picture Show
Norman Jewison,1971,White,Male,3,Non-Winner,Norman Jewison,Fiddler on the Roof
Stanley Kubrick,1971,White,Male,4,Non-Winner,Stanley Kubrick,A Clockwork Orange
John Schlesinger,1971,White,Male,5,Non-Winner,John Schlesinger,Sunday Bloody Sunday
Bob Fosse,1972,White,Male,1,Winner,Bob Fosse,Cabaret
John Boorman,1972,White,Male,2,Non-Winner,John Boorman,Deliverance
Francis Ford Coppola,1972,White,Male,3,Non-Winner,Francis Ford Coppola,The Godfather
Joseph L Mankiewicz,1972,White,Male,4,Non-Winner,Joseph L Mankiewicz,Sleuth
Jan Troell,1972,White,Male,5,Non-Winner,Jan Troell,The Emigrants
George Roy Hill,1973,White,Male,1,Winner,George Roy Hill,The Sting
Ingmar Bergman,1973,White,Male,2,Non-Winner,Ingmar Bergman,Cries and Whispers
Bernardo Bertolucci,1973,White,Male,3,Non-Winner,Bernardo Bertolucci,Last Tango in Paris
William Friedkin,1973,White,Male,4,Non-Winner,William Friedkin,The Exorcist
George Lucas,1973,White,Male,5,Non-Winner,George Lucas,American Graffiti
Francis Ford Coppola,1974,White,Male,1,Winner,Francis Ford Coppola,The Godfather Part II
John Cassavetes,1974,White,Male,2,Non-Winner,John Cassavetes,A Woman Under the Influence
Bob Fosse,1974,White,Male,3,Non-Winner,Bob Fosse,Lenny
Roman Polanski,1974,White,Male,4,Non-Winner,Roman Polanski,Chinatown
Franois Truffaut,1974,White,Male,5,Non-Winner,Franois Truffaut,Day for Night
Milo Forman,1975,White,Male,1,Winner,Milo Forman,One Flew Over the Cuckoos Nest
Robert Altman,1975,White,Male,2,Non-Winner,Robert Altman,Nashville
Federico Fellini,1975,White,Male,3,Non-Winner,Federico Fellini,Amarcord
Stanley Kubrick,1975,White,Male,4,Non-Winner,Stanley Kubrick,Barry Lyndon
Sidney Lumet,1975,White,Male,5,Non-Winner,Sidney Lumet,Dog Day Afternoon
Lina Wertmller,1976,White,Female,1,Non-Winner,Lina Wertmller,Seven Beauties
John G Avildsen,1976,White,Male,2,Winner,John G Avildsen,Rocky
Ingmar Bergman,1976,White,Male,3,Non-Winner,Ingmar Bergman,Face to Face
Sidney Lumet,1976,White,Male,4,Non-Winner,Sidney Lumet,Network
Alan J Pakula,1976,White,Male,5,Non-Winner,Alan J Pakula,All the Presidents Men
Woody Allen,1977,White,Male,1,Winner,Woody Allen,Annie Hall
George Lucas,1977,White,Male,2,Non-Winner,George Lucas,Star Wars
Herbert Ross,1977,White,Male,3,Non-Winner,Herbert Ross,The Turning Point
Steven Spielberg,1977,White,Male,4,Non-Winner,Steven Spielberg,Close Encounters of the Third Kind
Fred Zinnemann,1977,White,Male,5,Non-Winner,Fred Zinnemann,Julia
Michael Cimino,1978,White,Male,1,Winner,Michael Cimino,The Deer Hunter
Woody Allen,1978,White,Male,2,Non-Winner,Woody Allen,Interiors
Hal Ashby,1978,White,Male,3,Non-Winner,Hal Ashby,Coming Home
Warren Beatty Buck Henry,1978,White,Male,4,Non-Winner,Warren Beatty Buck Henry,Heaven Can Wait
Alan Parker,1978,White,Male,5,Non-Winner,Alan Parker,Midnight Express
Robert Benton,1979,White,Male,1,Winner,Robert Benton,Kramer vs Kramer
Francis Ford Coppola,1979,White,Male,2,Non-Winner,Francis Ford Coppola,Apocalypse Now
Bob Fosse,1979,White,Male,3,Non-Winner,Bob Fosse,All That Jazz
douard Molinaro,1979,White,Male,4,Non-Winner,douard Molinaro,La Cage aux Folles
Peter Yates,1979,White,Male,5,Non-Winner,Peter Yates,Breaking Away
Robert Redford,1980,White,Male,1,Winner,Robert Redford,Ordinary People
David Lynch,1980,White,Male,2,Non-Winner,David Lynch,The Elephant Man
Roman Polanski,1980,White,Male,3,Non-Winner,Roman Polanski,Tess
Richard Rush,1980,White,Male,4,Non-Winner,Richard Rush,The Stunt Man
Martin Scorsese,1980,White,Male,5,Non-Winner,Martin Scorsese,Raging Bull
Warren Beatty,1981,White,Male,1,Winner,Warren Beatty,Reds
Hugh Hudson,1981,White,Male,2,Non-Winner,Hugh Hudson,Chariots of Fire
Louis Malle,1981,White,Male,3,Non-Winner,Louis Malle,Atlantic City
Mark Rydell,1981,White,Male,4,Non-Winner,Mark Rydell,On Golden Pond
Steven Spielberg,1981,White,Male,5,Non-Winner,Steven Spielberg,Raiders of the Lost Ark
Richard Attenborough,1982,White,Male,1,Winner,Richard Attenborough,Gandhi
Sidney Lumet,1982,White,Male,2,Non-Winner,Sidney Lumet,The Verdict
Wolfgang Petersen,1982,White,Male,3,Non-Winner,Wolfgang Petersen,Das Boot
Sydney Pollack,1982,White,Male,4,Non-Winner,Sydney Pollack,Tootsie
Steven Spielberg,1982,White,Male,5,Non-Winner,Steven Spielberg,ET the ExtraTerrestrial
James L Brooks,1983,White,Male,1,Winner,James L Brooks,Terms of Endearment
Bruce Beresford,1983,White,Male,2,Non-Winner,Bruce Beresford,Tender Mercies
Ingmar Bergman,1983,White,Male,3,Non-Winner,Ingmar Bergman,Fanny and Alexander
Mike Nichols,1983,White,Male,4,Non-Winner,Mike Nichols,Silkwood
Peter Yates,1983,White,Male,5,Non-Winner,Peter Yates,The Dresser
Milo Forman,1984,White,Male,1,Winner,Milo Forman,Amadeus
Woody Allen,1984,White,Male,2,Non-Winner,Woody Allen,Broadway Danny Rose
Robert Benton,1984,White,Male,3,Non-Winner,Robert Benton,Places in the Heart
Roland Joff,1984,White,Male,4,Non-Winner,Roland Joff,The Killing Fields
David Lean,1984,White,Male,5,Non-Winner,David Lean,A Passage to India
Hctor Babenco,1985,Non-White,Male,1,Non-Winner,Hctor Babenco,Kiss of the Spider Woman
Akira Kurosawa,1985,Non-White,Male,2,Non-Winner,Akira Kurosawa,Ran
Sydney Pollack,1985,White,Male,1,Winner,Sydney Pollack,Out of Africa
John Huston,1985,White,Male,2,Non-Winner,John Huston,Prizzis Honor
Peter Weir,1985,White,Male,3,Non-Winner,Peter Weir,Witness
Oliver Stone,1986,White,Male,1,Winner,Oliver Stone,Platoon
Woody Allen,1986,White,Male,2,Non-Winner,Woody Allen,Hannah and Her Sisters
James Ivory,1986,White,Male,3,Non-Winner,James Ivory,A Room with a View
Roland Joff,1986,White,Male,4,Non-Winner,Roland Joff,The Mission
David Lynch,1986,White,Male,5,Non-Winner,David Lynch,Blue Velvet
Bernardo Bertolucci,1987,White,Male,1,Winner,Bernardo Bertolucci,The Last Emperor
John Boorman,1987,White,Male,2,Non-Winner,John Boorman,Hope and Glory
Lasse Hallstrm,1987,White,Male,3,Non-Winner,Lasse Hallstrm,My Life as a Dog
Norman Jewison,1987,White,Male,4,Non-Winner,Norman Jewison,Moonstruck
Adrian Lyne,1987,White,Male,5,Non-Winner,Adrian Lyne,Fatal Attraction
Barry Levinson,1988,White,Male,1,Winner,Barry Levinson,Rain Man
Charles Crichton,1988,White,Male,2,Non-Winner,Charles Crichton,A Fish Called Wanda
Mike Nichols,1988,White,Male,3,Non-Winner,Mike Nichols,Working Girl
Alan Parker,1988,White,Male,4,Non-Winner,Alan Parker,Mississippi Burning
Martin Scorsese,1988,White,Male,5,Non-Winner,Martin Scorsese,The Last Temptation of Christ
Oliver Stone,1989,White,Male,1,Winner,Oliver Stone,Born on the Fourth of July
Woody Allen,1989,White,Male,2,Non-Winner,Woody Allen,Crimes and Misdemeanors
Kenneth Branagh,1989,White,Male,3,Non-Winner,Kenneth Branagh,Henry V
Jim Sheridan,1989,White,Male,4,Non-Winner,Jim Sheridan,My Left Foot
Peter Weir,1989,White,Male,5,Non-Winner,Peter Weir,Dead Poets Society
Kevin Costner,1990,White,Male,1,Winner,Kevin Costner,Dances with Wolves
Francis Ford Coppola,1990,White,Male,2,Non-Winner,Francis Ford Coppola,The Godfather Part III
Stephen Frears,1990,White,Male,3,Non-Winner,Stephen Frears,The Grifters
Barbet Schroeder,1990,White,Male,4,Non-Winner,Barbet Schroeder,Reversal of Fortune
Martin Scorsese,1990,White,Male,5,Non-Winner,Martin Scorsese,Goodfellas
John Singleton,1991,Non-White,Male,1,Non-Winner,John Singleton,Boyz n the Hood
Jonathan Demme,1991,White,Male,1,Winner,Jonathan Demme,The Silence of the Lambs
Barry Levinson,1991,White,Male,2,Non-Winner,Barry Levinson,Bugsy
Ridley Scott,1991,White,Male,3,Non-Winner,Ridley Scott,Thelma Louise
Oliver Stone,1991,White,Male,4,Non-Winner,Oliver Stone,JFK
Clint Eastwood,1992,White,Male,1,Winner,Clint Eastwood,Unforgiven
Robert Altman,1992,White,Male,2,Non-Winner,Robert Altman,The Player
Martin Brest,1992,White,Male,3,Non-Winner,Martin Brest,Scent of a Woman
James Ivory,1992,White,Male,4,Non-Winner,James Ivory,Howards End
Neil Jordan,1992,White,Male,5,Non-Winner,Neil Jordan,The Crying Game
Jane Campion,1993,White,Female,1,Non-Winner,Jane Campion,The Piano
Steven Spielberg,1993,White,Male,2,Winner,Steven Spielberg,Schindlers List
Robert Altman,1993,White,Male,3,Non-Winner,Robert Altman,Short Cuts
James Ivory,1993,White,Male,4,Non-Winner,James Ivory,The Remains of the Day
Jim Sheridan,1993,White,Male,5,Non-Winner,Jim Sheridan,In the Name of the Father
Robert Zemeckis,1994,White,Male,1,Winner,Robert Zemeckis,Forrest Gump
Woody Allen,1994,White,Male,2,Non-Winner,Woody Allen,Bullets over Broadway
Krzysztof Kielowski,1994,White,Male,3,Non-Winner,Krzysztof Kielowski,Three Colours Red
Robert Redford,1994,White,Male,4,Non-Winner,Robert Redford,Quiz Show
Quentin Tarantino,1994,White,Male,5,Non-Winner,Quentin Tarantino,Pulp Fiction
Mel Gibson,1995,White,Male,1,Winner,Mel Gibson,Braveheart
Mike Figgis,1995,White,Male,2,Non-Winner,Mike Figgis,Leaving Las Vegas
Chris Noonan,1995,White,Male,3,Non-Winner,Chris Noonan,Babe
Michael Radford,1995,White,Male,4,Non-Winner,Michael Radford,Il Postino The Postman
Tim Robbins,1995,White,Male,5,Non-Winner,Tim Robbins,Dead Man Walking
Anthony Minghella,1996,White,Male,1,Winner,Anthony Minghella,The English Patient
Joel Coen,1996,White,Male,2,Non-Winner,Joel Coen,Fargo
Milo Forman,1996,White,Male,3,Non-Winner,Milo Forman,The People vs Larry Flynt
Scott Hicks,1996,White,Male,4,Non-Winner,Scott Hicks,Shine
Mike Leigh,1996,White,Male,5,Non-Winner,Mike Leigh,Secrets Lies
James Cameron,1997,White,Male,1,Winner,James Cameron,Titanic
Peter Cattaneo,1997,White,Male,2,Non-Winner,Peter Cattaneo,The Full Monty
Atom Egoyan,1997,White,Male,3,Non-Winner,Atom Egoyan,The Sweet Hereafter
Curtis Hanson,1997,White,Male,4,Non-Winner,Curtis Hanson,LA Confidential
Gus Van Sant,1997,White,Male,5,Non-Winner,Gus Van Sant,Good Will Hunting
Steven Spielberg,1998,White,Male,1,Winner,Steven Spielberg,Saving Private Ryan
Roberto Benigni,1998,White,Male,2,Non-Winner,Roberto Benigni,Life Is Beautiful
John Madden,1998,White,Male,3,Non-Winner,John Madden,Shakespeare in Love
Terrence Malick,1998,White,Male,4,Non-Winner,Terrence Malick,The Thin Red Line
Peter Weir,1998,White,Male,5,Non-Winner,Peter Weir,The Truman Show
M Night Shyamalan,1999,Non-White,Male,1,Non-Winner,M Night Shyamalan,The Sixth Sense
Sam Mendes,1999,White,Male,1,Winner,Sam Mendes,American Beauty
Lasse Hallstrm,1999,White,Male,2,Non-Winner,Lasse Hallstrm,The Cider House Rules
Spike Jonze,1999,White,Male,3,Non-Winner,Spike Jonze,Being John Malkovich
Michael Mann,1999,White,Male,4,Non-Winner,Michael Mann,The Insider
Ang Lee,2000,Non-White,Male,1,Non-Winner,Ang Lee,Crouching Tiger Hidden Dragon
Steven Soderbergh,2000,White,Male,1,Winner,Steven Soderbergh,Traffic
Stephen Daldry,2000,White,Male,2,Non-Winner,Stephen Daldry,Billy Elliot
Ridley Scott,2000,White,Male,3,Non-Winner,Ridley Scott,Gladiator
Steven Soderbergh,2000,White,Male,4,Non-Winner,Steven Soderbergh,Erin Brockovich
Ron Howard,2001,White,Male,1,Winner,Ron Howard,A Beautiful Mind
Robert Altman,2001,White,Male,2,Non-Winner,Robert Altman,Gosford Park
Peter Jackson,2001,White,Male,3,Non-Winner,Peter Jackson,The Lord of the Rings The Fellowship of the Ring
David Lynch,2001,White,Male,4,Non-Winner,David Lynch,Mulholland Drive
Ridley Scott,2001,White,Male,5,Non-Winner,Ridley Scott,Black Hawk Down
Roman Polanski,2002,White,Male,1,Winner,Roman Polanski,The Pianist
Pedro Almodvar,2002,White,Male,2,Non-Winner,Pedro Almodvar,Talk to Her
Stephen Daldry,2002,White,Male,3,Non-Winner,Stephen Daldry,The Hours
Rob Marshall,2002,White,Male,4,Non-Winner,Rob Marshall,Chicago
Martin Scorsese,2002,White,Male,5,Non-Winner,Martin Scorsese,Gangs of New York
Sofia Coppola,2003,White,Female,1,Non-Winner,Sofia Coppola,Lost in Translation
Fernando Meirelles,2003,Non-White,Male,1,Non-Winner,Fernando Meirelles,City of God
Peter Jackson,2003,White,Male,1,Winner,Peter Jackson,The Lord of the Rings The Return of the King
Clint Eastwood,2003,White,Male,2,Non-Winner,Clint Eastwood,Mystic River
Peter Weir,2003,White,Male,3,Non-Winner,Peter Weir,Master and Commander The Far Side of the World
Clint Eastwood,2004,White,Male,1,Winner,Clint Eastwood,Million Dollar Baby
Taylor Hackford,2004,White,Male,2,Non-Winner,Taylor Hackford,Ray
Mike Leigh,2004,White,Male,3,Non-Winner,Mike Leigh,Vera Drake
Alexander Payne,2004,White,Male,4,Non-Winner,Alexander Payne,Sideways
Martin Scorsese,2004,White,Male,5,Non-Winner,Martin Scorsese,The Aviator
Ang Lee,2005,Non-White,Male,1,Winner,Ang Lee,Brokeback Mountain
George Clooney,2005,White,Male,1,Non-Winner,George Clooney,Good Night and Good Luck
Paul Haggis,2005,White,Male,2,Non-Winner,Paul Haggis,Crash
Bennett Miller,2005,White,Male,3,Non-Winner,Bennett Miller,Capote
Steven Spielberg,2005,White,Male,4,Non-Winner,Steven Spielberg,Munich
Alejandro G Irritu,2006,Non-White,Male,1,Non-Winner,Alejandro G Irritu,Babel
Martin Scorsese,2006,White,Male,1,Winner,Martin Scorsese,The Departed
Clint Eastwood,2006,White,Male,2,Non-Winner,Clint Eastwood,Letters from Iwo Jima
Stephen Frears,2006,White,Male,3,Non-Winner,Stephen Frears,The Queen
Paul Greengrass,2006,White,Male,4,Non-Winner,Paul Greengrass,United
Coen Brothers,2007,White,Male,1,Winner,Coen Brothers,No Country for Old Men
Paul Thomas Anderson,2007,White,Male,2,Non-Winner,Paul Thomas Anderson,There Will Be Blood
Tony Gilroy,2007,White,Male,3,Non-Winner,Tony Gilroy,Michael Clayton
Jason Reitman,2007,White,Male,4,Non-Winner,Jason Reitman,Juno
Julian Schnabel,2007,White,Male,5,Non-Winner,Julian Schnabel,The Diving Bell and the Butterfly
Danny Boyle,2008,White,Male,1,Winner,Danny Boyle,Slumdog Millionaire
Stephen Daldry,2008,White,Male,2,Non-Winner,Stephen Daldry,The Reader
David Fincher,2008,White,Male,3,Non-Winner,David Fincher,The Curious Case of Benjamin Button
Ron Howard,2008,White,Male,4,Non-Winner,Ron Howard,FrostNixon
Gus Van Sant,2008,White,Male,5,Non-Winner,Gus Van Sant,Milk
Kathryn Bigelow,2009,White,Female,1,Winner,Kathryn Bigelow,The Hurt Locker
Lee Daniels,2009,Non-White,Male,1,Non-Winner,Lee Daniels,Precious
James Cameron,2009,White,Male,1,Non-Winner,James Cameron,Avatar
Jason Reitman,2009,White,Male,2,Non-Winner,Jason Reitman,Up in the Air
Quentin Tarantino,2009,White,Male,3,Non-Winner,Quentin Tarantino,Inglourious Basterds
Tom Hooper,2010,White,Male,1,Winner,Tom Hooper,The Kings Speech
Darren Aronofsky,2010,White,Male,2,Non-Winner,Darren Aronofsky,Black Swan
Coen Brothers,2010,White,Male,3,Non-Winner,Coen Brothers,True Grit
David Fincher,2010,White,Male,4,Non-Winner,David Fincher,The Social Network
David O Russell,2010,White,Male,5,Non-Winner,David O Russell,The Fighter
Michel Hazanavicius,2011,White,Male,1,Winner,Michel Hazanavicius,The Artist
Woody Allen,2011,White,Male,2,Non-Winner,Woody Allen,Midnight in Paris
Terrence Malick,2011,White,Male,3,Non-Winner,Terrence Malick,The Tree of Life
Alexander Payne,2011,White,Male,4,Non-Winner,Alexander Payne,The Descendants
Martin Scorsese,2011,White,Male,5,Non-Winner,Martin Scorsese,Hugo
Ang Lee,2012,Non-White,Male,1,Winner,Ang Lee,Life of Pi
Michael Haneke,2012,White,Male,1,Non-Winner,Michael Haneke,Amour
David O Russell,2012,White,Male,2,Non-Winner,David O Russell,Silver Linings Playbook
Steven Spielberg,2012,White,Male,3,Non-Winner,Steven Spielberg,Lincoln
Benh Zeitlin,2012,White,Male,4,Non-Winner,Benh Zeitlin,Beasts of the Southern Wild
Alfonso Cuarn,2013,Non-White,Male,1,Winner,Alfonso Cuarn,Gravity
Steve McQueen,2013,Non-White,Male,2,Non-Winner,Steve McQueen,Years a Slave
Alexander Payne,2013,White,Male,1,Non-Winner,Alexander Payne,Nebraska
David O Russell,2013,White,Male,2,Non-Winner,David O Russell,American Hustle
Martin Scorsese,2013,White,Male,3,Non-Winner,Martin Scorsese,The Wolf of Wall Street
Alejandro G Irritu,2014,Non-White,Male,1,Winner,Alejandro G Irritu,Birdman
Wes Anderson,2014,White,Male,1,Non-Winner,Wes Anderson,The Grand Budapest Hotel
Richard Linklater,2014,White,Male,2,Non-Winner,Richard Linklater,Boyhood
Bennett Miller,2014,White,Male,3,Non-Winner,Bennett Miller,Foxcatcher
Morten Tyldum,2014,White,Male,4,Non-Winner,Morten Tyldum,The Imitation Game
Alejandro G Irritu,2015,Non-White,Male,1,Winner,Alejandro G Irritu,The Revenant
Lenny Abrahamson,2015,White,Male,1,Non-Winner,Lenny Abrahamson,Room
Tom McCarthy,2015,White,Male,2,Non-Winner,Tom McCarthy,Spotlight
Adam McKay,2015,White,Male,3,Non-Winner,Adam McKay,The Big Short
George Miller,2015,White,Male,4,Non-Winner,George Miller,Mad Max Fury Road
Barry Jenkins,2016,Non-White,Male,1,Non-Winner,Barry Jenkins,Moonlight
Damien Chazelle,2016,White,Male,1,Winner,Damien Chazelle,La La Land
Mel Gibson,2016,White,Male,2,Non-Winner,Mel Gibson,Hacksaw Ridge
Kenneth Lonergan,2016,White,Male,3,Non-Winner,Kenneth Lonergan,Manchester by the Sea
Denis Villeneuve,2016,White,Male,4,Non-Winner,Denis Villeneuve,Arrival
Greta Gerwig,2017,White,Female,1,Non-Winner,Greta Gerwig,Lady Bird
Guillermo del Toro,2017,Non-White,Male,1,Winner,Guillermo del Toro,The Shape of Water
Jordan Peele,2017,Non-White,Male,2,Non-Winner,Jordan Peele,Get Out
Paul Thomas Anderson,2017,White,Male,1,Non-Winner,Paul Thomas Anderson,Phantom Thread
Christopher Nolan,2017,White,Male,2,Non-Winner,Christopher Nolan,Dunkirk
Alfonso Cuarn,2018,Non-White,Male,1,Winner,Alfonso Cuarn,Roma
Spike Lee,2018,Non-White,Male,2,Non-Winner,Spike Lee,BlacKkKlansman
Yorgos Lanthimos,2018,White,Male,1,Non-Winner,Yorgos Lanthimos,The Favourite
Adam McKay,2018,White,Male,2,Non-Winner,Adam McKay,Vice
Pawe Pawlikowski,2018,White,Male,3,Non-Winner,Pawe Pawlikowski,Cold War
Bong Joonho,2019,Non-White,Male,1,Non-Winner,Bong Joonho,Parasite
Sam Mendes,2019,White,Male,1,Non-Winner,Sam Mendes,
Todd Phillips,2019,White,Male,2,Non-Winner,Todd Phillips,Joker
Martin Scorsese,2019,White,Male,3,Non-Winner,Martin Scorsese,The Irishman
Quentin Tarantino,2019,White,Male,4,Non-Winner,Quentin Tarantino,Once Upon a Time in Hollywood